<beans xmlns="http://www.springframework.org/schema/beans"
	xmlns:xsi="http://www.w3.org/2001/XMLSchema-instance" xmlns:c="http://www.springframework.org/schema/c"
	xmlns:int="http://www.springframework.org/schema/integration"
	xmlns:context="http://www.springframework.org/schema/context"
	default-autowire="default"
	xmlns:jms="http://www.springframework.org/schema/jms"
	xmlns:int-jms="http://www.springframework.org/schema/integration/jms"
	xsi:schemaLocation="http://www.springframework.org/schema/jms http://www.springframework.org/schema/jms/spring-jms-3.1.xsd
		http://www.springframework.org/schema/beans http://www.springframework.org/schema/beans/spring-beans.xsd
		http://www.springframework.org/schema/integration http://www.springframework.org/schema/integration/spring-integration-2.2.xsd
		http://www.springframework.org/schema/integration/jms http://www.springframework.org/schema/integration/jms/spring-integration-jms-2.2.xsd
		http://www.springframework.org/schema/context http://www.springframework.org/schema/context/spring-context-3.1.xsd">
		
	  <import resource="spring-mockrunner.xml"/> 
      
      <int:poller default="true" fixed-delay="50"/>

      <int:channel id="inputChannel">
      	<int:queue  capacity="5"/>
      </int:channel>
      
       <int:channel id="outputChannel">
      	<int:queue  capacity="5"/>
      </int:channel>

	<int:object-to-map-transformer id="objectToMapTransformer" input-channel="inputChannel" output-channel="outputChannel">
	</int:object-to-map-transformer>      
       
	 <int-jms:inbound-channel-adapter  id="inBoundJMSAdapter"  connection-factory="jmsQueueConnectionFactory"  destination="inBoundQueue" channel="inputChannel">
	 	<int:poller  fixed-rate="1000" />
	 </int-jms:inbound-channel-adapter>
	 
	 <int-jms:outbound-channel-adapter id="outBoundJMSAdapter" channel="outputChannel" connection-factory="jmsQueueConnectionFactory" destination="outBoundQueue">