<beans xmlns="http://www.springframework.org/schema/beans"
	xmlns:xsi="http://www.w3.org/2001/XMLSchema-instance" xmlns:c="http://www.springframework.org/schema/c"
	xmlns:context="http://www.springframework.org/schema/context"
	default-autowire="default"
	xmlns:jms="http://www.springframework.org/schema/jms"
	xsi:schemaLocation="http://www.springframework.org/schema/jms http://www.springframework.org/schema/jms/spring-jms-3.1.xsd
		http://www.springframework.org/schema/beans http://www.springframework.org/schema/beans/spring-beans.xsd
		http://www.springframework.org/schema/context http://www.springframework.org/schema/context/spring-context-3.1.xsd">


	  <bean id="destinationManager" class="com.mockrunner.jms.DestinationManager"/>

      <bean id="inBoundQueue" factory-bean="destinationManager" factory-method="createQueue">
      		<constructor-arg index="0" value="MOCKRUNNER-IN-QUEUE" />
      </bean>
      
      <bean id="outBoundQueue" factory-bean="destinationManager" factory-method="createQueue">
      		<constructor-arg index="0" value="MOCKRUNNER-OUT-QUEUE" />
      </bean>
      
      <bean id="configurationManager" class="com.mockrunner.jms.ConfigurationManager"/>
      
      <bean id="jmsQueueConnectionFactory" class="com.mockrunner.mock.jms.MockQueueConnectionFactory">
      		<constructor-arg index="0" ref="destinationManager" />
      		<constructor-arg index="1" ref="configurationManager" />
      </bean>
      
      <bean id="jmsTemplate" class="org.springframework.jms.core.JmsTemplate">
      	<property name="connectionFactory" ref="jmsQueueConnectionFactory"/>
      </bean>
     
     <jms:listener-container  connection-factory="jmsQueueConnectionFactory" >
			<jms:listener destination="MOCKRUNNER-OUT-QUEUE" ref="mapMessageListener" method="onMessage" />
	  </jms:listener-container>
	  
	  <bean id="mapMessageListener" class="com.spijb.listener.MapMessageListener" />
      
</beans>