<?xml version="1.0" encoding="UTF-8"?>
<beans xmlns="http://www.springframework.org/schema/beans"
	xmlns:xsi="http://www.w3.org/2001/XMLSchema-instance" xmlns:int="http://www.springframework.org/schema/integration"
	xmlns:file="http://www.springframework.org/schema/integration/file"
	xmlns:feed="http://www.springframework.org/schema/integration/feed"
	xmlns:stream="http://www.springframework.org/schema/integration/stream"
	xsi:schemaLocation="http://www.springframework.org/schema/integration/feed http://www.springframework.org/schema/integration/feed/spring-integration-feed.xsd
		http://www.springframework.org/schema/beans http://www.springframework.org/schema/beans/spring-beans.xsd
		http://www.springframework.org/schema/integration/file http://www.springframework.org/schema/integration/file/spring-integration-file.xsd
		http://www.springframework.org/schema/integration/stream http://www.springframework.org/schema/integration/stream/spring-integration-stream.xsd
		http://www.springframework.org/schema/integration http://www.springframework.org/schema/integration/spring-integration.xsd">

	<stream:stdin-channel-adapter id="producer"
		channel="msgchannel" />
	<stream:stdout-channel-adapter id="consumer1"
		channel="msgchannel" append-newline="true" />
	<stream:stdout-channel-adapter id="consumer2"
		channel="msgchannel" append-newline="true" />
	<int:publish-subscribe-channel id="msgchannel"></int:publish-subscribe-channel>
	<!-- <int:channel id="msgchannel">	</int:channel>  -->
	<int:poller default="true" fixed-rate="1000"></int:poller>
</beans>		
