<?xml version="1.0" encoding="UTF-8"?>
<beans xmlns="http://www.springframework.org/schema/beans"
	xmlns:xsi="http://www.w3.org/2001/XMLSchema-instance" xmlns:int="http://www.springframework.org/schema/integration"
	xmlns:file="http://www.springframework.org/schema/integration/file"
	xmlns:jms="http://www.springframework.org/schema/integration/jms"
	xmlns:feed="http://www.springframework.org/schema/integration/feed"
	xmlns:http="http://www.springframework.org/schema/integration/http"
	xmlns:stream="http://www.springframework.org/schema/integration/stream"
	xsi:schemaLocation="http://www.springframework.org/schema/integration/feed 
	http://www.springframework.org/schema/integration/feed/spring-integration-feed.xsd
		http://www.springframework.org/schema/beans 
		http://www.springframework.org/schema/beans/spring-beans.xsd
		http://www.springframework.org/schema/integration/file
		http://www.springframework.org/schema/integration/file/spring-integration-file.xsd
		http://www.springframework.org/schema/integration/jms
		http://www.springframework.org/schema/integration/jms/spring-integration-jms.xsd
		http://www.springframework.org/schema/integration/stream
		 http://www.springframework.org/schema/integration/stream/spring-integration-stream.xsd
		http://www.springframework.org/schema/integration 
		http://www.springframework.org/schema/integration/spring-integration.xsd
		http://www.springframework.org/schema/integration/http
		http://www.springframework.org/schema/integration/http/spring-integration-http.xsd">

	<stream:stdin-channel-adapter id="stdin" channel="msgchannel">
		<int:poller fixed-rate="500"></int:poller>
	</stream:stdin-channel-adapter>
	<int:header-enricher  input-channel="msgchannel" output-channel="convert" >
			<int:header name="contentType" value="application/json" />
	</int:header-enricher>
	
	<http:outbound-gateway id="airget"
		request-channel="msgchannel" url="http://localhost:8092" http-method="GET"
		expected-response-type="java.lang.String" charset='UTF-8'
		reply-timeout="5000" reply-channel="airstore">
	</http:outbound-gateway>

	<http:outbound-gateway id="jetget"
		request-channel="convert" url="http://localhost:8091/flights"
		http-method="GET" expected-response-type="java.lang.String" charset='UTF-8'
		reply-timeout="5000" reply-channel="jetstore">
	</http:outbound-gateway>
	
	<file:outbound-channel-adapter directory="/demos/jet" 	channel="jetstore" />
	<file:outbound-channel-adapter directory="/demos/air" channel="airstore" />
	<int:publish-subscribe-channel id="msgchannel"></int:publish-subscribe-channel>
<int:channel id="convert"></int:channel>
	<int:channel id="jetstore"></int:channel>
	<int:channel id="airstore"></int:channel>
</beans>		
