<beans xmlns="http://www.springframework.org/schema/beans"
xmlns:security="http://www.springframework.org/schema/security"
xmlns:xsi="http://www.w3.org/2001/XMLSchema-instance"
xsi:schemaLocation="http://www.springframework.org/schema/beans
        http://www.springframework.org/schema/beans/spring-beans-3.0.xsd
        http://www.springframework.org/schema/security
        http://www.springframework.org/schema/security/spring-security.xsd">
    
    <security:global-method-security sec></security:global-method-security>
    
    <security:authentication-manager>
    	<security:authentication-provider>
    	
    	<security:jdbc-user-service data-source-ref="dataSource" users-by-username-query="select username, password, enabled from users where username=?" authorities-by-username-query="select * from username,role from roles where username=?"/>
    		<!-- <security:user-service>
    		 <security:user name="user1" password="pass1" authorities="ROLE_admin"/>
    		 <security:user name="user2" password="pass2" authorities="ROLE_stduser"/>
    		 <security:user name="user3" password="pass3" authorities="ROLE_admin,ROLE_stduser"/>
    		
    		</security:user-service> -->
    	
    	
    	</security:authentication-provider>
  
    <!-- </security:authentication-manager>
	<bean id="mylogic" class="com.synech.oauth2example.MyBusinessLogic">
	<security:intercept-methods>
	<security:protect access="m1" method="ROLE_admin"/>
	<security:protect access="m2" method="ROLE_stduser"/>
	</bean>
	</security:intercept-methods> -->
	
	

	<bean id="dataSource" class="org.springframework.jdbc.datasource.DriverManagerDataSource">
		<property name="driverClassName" value="org.hsqldb.jdbcDriver" />
		<property name="url" value="jdbc:hsqldb:hsql://localhost/" />
		<property name="username" value="sa" />
		<property name="password" value="" />
	</bean>


</beans>