<?xml version="1.0" encoding="UTF-8"?>
<beans xmlns="http://www.springframework.org/schema/beans"
	xmlns:xsi="http://www.w3.org/2001/XMLSchema-instance" xmlns:int="http://www.springframework.org/schema/integration"
	xmlns:file="http://www.springframework.org/schema/integration/file"
	xmlns:jms="http://www.springframework.org/schema/integration/jms"
	xmlns:feed="http://www.springframework.org/schema/integration/feed"
	xmlns:http="http://www.springframework.org/schema/integration/http"
	xmlns:stream="http://www.springframework.org/schema/integration/stream"
	xsi:schemaLocation="http://www.springframework.org/schema/integration/feed 
	http://www.springframework.org/schema/integration/feed/spring-integration-feed.xsd
		http://www.springframework.org/schema/beans 
		http://www.springframework.org/schema/beans/spring-beans.xsd
		http://www.springframework.org/schema/integration/file
		http://www.springframework.org/schema/integration/file/spring-integration-file.xsd
		http://www.springframework.org/schema/integration/jms
		http://www.springframework.org/schema/integration/jms/spring-integration-jms.xsd
		http://www.springframework.org/schema/integration/stream
		 http://www.springframework.org/schema/integration/stream/spring-integration-stream.xsd
		http://www.springframework.org/schema/integration 
		http://www.springframework.org/schema/integration/spring-integration.xsd
		http://www.springframework.org/schema/integration/http
		http://www.springframework.org/schema/integration/http/spring-integration-http.xsd">
		
		<http:inbound-gateway id="inboundgateway" request-channel="requestchannel"  
		reply-channel="responsechannel"
		 supported-methods="GET" 
		 path="/flights">
		  	<http:request-mapping consumes="application/json" produces="application/json" />
		 </http:inbound-gateway>
		 
		 <int:service-activator id="serviceactivate"  ref="jet"  method="getjetflt"
		 	input-channel = "requestchannel" output-channel="responsechannel"
		 ></int:service-activator>
		<int:channel id="requestchannel"></int:channel>
		<int:channel id="responsechannel"></int:channel>	
	
</beans>		