<?xml version="1.0" encoding="UTF-8"?>
<beans xmlns="http://www.springframework.org/schema/beans"
	xmlns:xsi="http://www.w3.org/2001/XMLSchema-instance" xmlns:int="http://www.springframework.org/schema/integration"
	xmlns:file="http://www.springframework.org/schema/integration/file"
	xmlns:jms="http://www.springframework.org/schema/integration/jms"
	xmlns:feed="http://www.springframework.org/schema/integration/feed"
	xmlns:stream="http://www.springframework.org/schema/integration/stream"
	xsi:schemaLocation="http://www.springframework.org/schema/integration/feed 
	http://www.springframework.org/schema/integration/feed/spring-integration-feed.xsd
		http://www.springframework.org/schema/beans 
		http://www.springframework.org/schema/beans/spring-beans.xsd
		http://www.springframework.org/schema/integration/file
		http://www.springframework.org/schema/integration/file/spring-integration-file.xsd
		http://www.springframework.org/schema/integration/jms
		http://www.springframework.org/schema/integration/jms/spring-integration-jms.xsd
		http://www.springframework.org/schema/integration/stream
		 http://www.springframework.org/schema/integration/stream/spring-integration-stream.xsd
		http://www.springframework.org/schema/integration http://www.springframework.org/schema/integration/spring-integration.xsd">
<bean name="transportConfiguration" class="org.hornetq.api.core.TransportConfiguration">  
    <constructor-arg value="org.hornetq.core.remoting.impl.netty.NettyConnectorFactory" />  
    <constructor-arg>  
        <map key-type="java.lang.String" value-type="java.lang.Object">  
            <entry key="host" value="localhost" />  
            <entry key="port" value="1099" />  
        </map>  
    </constructor-arg>  
</bean> 
<!-- <jms:message-driven-channel-adapter destination-name="topic/MyTopic"  id="jmsIn" channel="mychn"  pub-sub-domain="true" />  -->
 <jms:inbound-channel-adapter  id="jmsIn" 
 	 connection-factory="connectionFactory" auto-startup="true"  destination-name="topic/MyTopic"  pub-sub-domain="true">
	 	<int:poller  fixed-rate="1000" />
	</jms:inbound-channel-adapter>
<file:outbound-channel-adapter channel="mychn" id="fileoutput"   directory="/demos/output1" 
   	filename-generator-expression="'msg'  +   new java.util.Date().getTime().toString() + '.txt'  " ></file:outbound-channel-adapter>
<int:channel id="mychn"></int:channel>
</beans>		
