<?xml version="1.0" encoding="UTF-8"?>
<beans xmlns="http://www.springframework.org/schema/beans"
	xmlns:xsi="http://www.w3.org/2001/XMLSchema-instance" xmlns:int="http://www.springframework.org/schema/integration"
	xmlns:file="http://www.springframework.org/schema/integration/file"
	xmlns:feed="http://www.springframework.org/schema/integration/feed"
	xmlns:stream="http://www.springframework.org/schema/integration/stream"
	xsi:schemaLocation="http://www.springframework.org/schema/integration/feed 
	http://www.springframework.org/schema/integration/feed/spring-integration-feed.xsd
		http://www.springframework.org/schema/beans 
		http://www.springframework.org/schema/beans/spring-beans.xsd
		http://www.springframework.org/schema/integration/file
		http://www.springframework.org/schema/integration/file/spring-integration-file.xsd
		http://www.springframework.org/schema/integration/stream
		 http://www.springframework.org/schema/integration/stream/spring-integration-stream.xsd
		http://www.springframework.org/schema/integration http://www.springframework.org/schema/integration/spring-integration.xsd">
<!-- <bean id="myselector" class="demo.MySelector" />
 -->
  <file:inbound-channel-adapter id="fileinput" directory="/demos/input" >
  	<int:poller fixed-rate="2000"  ></int:poller>
  </file:inbound-channel-adapter>
   <file:outbound-channel-adapter id="fileoutput"   directory="/demos/output1" 
    ></file:outbound-channel-adapter>

<int:filter  ref="myselector"  input-channel = "fileinput" output-channel = "fileoutput"></int:filter>

</beans>		
