<?xml version="1.0" encoding="UTF-8"?>
<beans xmlns="http://www.springframework.org/schema/beans"
	xmlns:xsi="http://www.w3.org/2001/XMLSchema-instance" xmlns:int="http://www.springframework.org/schema/integration"
	xmlns:file="http://www.springframework.org/schema/integration/file"
	xmlns:feed="http://www.springframework.org/schema/integration/feed"
	xmlns:stream="http://www.springframework.org/schema/integration/stream"
	xsi:schemaLocation="http://www.springframework.org/schema/integration/feed 
	http://www.springframework.org/schema/integration/feed/spring-integration-feed.xsd
		http://www.springframework.org/schema/beans 
		http://www.springframework.org/schema/beans/spring-beans.xsd
		http://www.springframework.org/schema/integration/file
		http://www.springframework.org/schema/integration/file/spring-integration-file.xsd
		http://www.springframework.org/schema/integration/stream
		 http://www.springframework.org/schema/integration/stream/spring-integration-stream.xsd
		http://www.springframework.org/schema/integration http://www.springframework.org/schema/integration/spring-integration.xsd">

   <feed:inbound-channel-adapter id="rssfeedinput"   url="http://feeds.feedburner.com/ndtvnews-top-stories">
		<int:poller fixed-rate="2000"></int:poller>   
   </feed:inbound-channel-adapter>
   <file:outbound-channel-adapter id="fileoutput"   directory="/demos/output1" 
   	filename-generator-expression="'feed'  +   new java.util.Date().getTime().toString() + '.html'  " ></file:outbound-channel-adapter>
<int:transformer input-channel= "rssfeedinput"  output-channel="fileoutput"  expression="'&lt;html&gt;Title  :  ' + payload.title 
+ '&lt;br/&gt;Description :  ' + payload.description  + '&lt;/html&gt;'"></int:transformer>
</beans>		
