<?xml version="1.0" encoding="UTF-8"?>
<beans xmlns="http://www.springframework.org/schema/beans"
	xmlns:xsi="http://www.w3.org/2001/XMLSchema-instance" xmlns:int="http://www.springframework.org/schema/integration"
	xmlns:file="http://www.springframework.org/schema/integration/file"
	xmlns:jms="http://www.springframework.org/schema/integration/jms"
	xmlns:feed="http://www.springframework.org/schema/integration/feed"
	xmlns:http="http://www.springframework.org/schema/integration/http"
	xmlns:stream="http://www.springframework.org/schema/integration/stream"
	xsi:schemaLocation="http://www.springframework.org/schema/integration/feed 
	http://www.springframework.org/schema/integration/feed/spring-integration-feed.xsd
		http://www.springframework.org/schema/beans 
		http://www.springframework.org/schema/beans/spring-beans.xsd
		http://www.springframework.org/schema/integration/file
		http://www.springframework.org/schema/integration/file/spring-integration-file.xsd
		http://www.springframework.org/schema/integration/jms
		http://www.springframework.org/schema/integration/jms/spring-integration-jms.xsd
		http://www.springframework.org/schema/integration/stream
		 http://www.springframework.org/schema/integration/stream/spring-integration-stream.xsd
		http://www.springframework.org/schema/integration http://www.springframework.org/schema/integration/spring-integration.xsd
		http://www.springframework.org/schema/integration/http
		http://www.springframework.org/schema/integration/http/spring-integration-http.xsd">
		
	<stream:stdin-channel-adapter id="producer"
		channel="msgchannel" >
			<int:poller  fixed-rate="500"></int:poller>
	</stream:stdin-channel-adapter>
	<http:outbound-gateway id="obg" request-channel="msgchannel"
	 url="http://localhost:8080/1" http-method="GET" expected-response-type="java.lang.String"
	 charset='UTF-8' reply-timeout="5000" reply-channel="repchannel"  >
	 
	 </http:outbound-gateway>
	<stream:stdout-channel-adapter  channel="repchannel"/>
	<int:channel id="msgchannel"></int:channel>
	<int:channel id="repchannel"></int:channel>
</beans>		
